id,canonical_name,confidence,reason,unpublished_at
2d3d4594-a53f-4308-b220-4f3daaef19e3,"1031 Crown Property Owner, Llc",0.9,The property type is explicitly listed as 'Commercial' and the LLC structure with 'Crown Property Owner' naming suggests a commercial real estate investment entity.,2026-05-03T15:26:47.133654
97c70418-3001-4915-bf87-3477504de9ec,"1095 Jupiter Park Property Owner, Llc",0.9,The property type is explicitly filed as 'Commercial' and the name includes 'Jupiter Park' which typically indicates a commercial development or business park.,2026-05-03T15:26:47.396643
0b5a1d53-d194-42c4-97f0-e36712e8af77,"1097 Jupiter Park Property Owner, Llc",0.9,The property type is explicitly listed as 'Commercial' and the LLC structure with 'Property Owner' in the name strongly indicates a commercial real estate investment entity.,2026-05-03T15:26:47.736308
0257af1b-d511-4469-864f-8020d2de6363,"115 South Olive Property Owner, Llc",0.9,The property type is explicitly listed as 'Commercial' and the LLC structure with 'Property Owner' in the name suggests commercial real estate ownership rather than a residential community association,2026-05-03T15:26:47.949839
c955170d-0b44-4dd3-b019-7cdf95158a9a,"127 Summerfield Property Owner, Llc",0.9,The property type is explicitly filed as 'Commercial' and the LLC structure is typical for commercial property ownership.,2026-05-03T15:26:48.179467
08f8d95c-3cba-40d9-95de-e11218dc0e51,"128 Triple Diamond Property Owner, Llc",0.9,The property type is explicitly filed as 'Commercial' and the LLC structure with 'Property Owner' designation typically indicates commercial real estate ownership rather than residential community man,2026-05-03T15:26:48.419274
f66435ae-f14a-4452-b072-c5c157313a99,"130 N 2Nd Property Owner, Llc",0.9,The property type is explicitly listed as 'Commercial' and the LLC structure with a specific street address suggests a commercial property investment rather than a residential community association.,2026-05-03T15:26:48.649141
8d661b72-baff-4583-b5d7-6b39d68e0fd1,"131 Atlantic Ave Property Owner, Llc",0.9,The property type is explicitly listed as 'Commercial' and the LLC structure with a specific street address suggests a commercial real estate investment rather than a residential community association,2026-05-03T15:26:48.866152
b638edbb-a651-48d7-8134-ce7b1b52ae58,"1330 Indiantown Property Owner, Llc",0.9,"The property type is explicitly listed as 'Commercial' and the entity is structured as an LLC, which is typical for commercial property ownership.",2026-05-03T15:26:49.124295
b33e6575-3ab4-40ba-9640-62d87d686420,"1447 Rail Head Property Owner, Llc",0.9,"The property type is explicitly listed as 'Commercial' and the name 'Rail Head Property Owner, LLC' suggests a commercial rail or transportation-related facility.",2026-05-03T15:26:49.311153
2a2dcb05-c5ad-4daa-bca4-0e0507021cbd,150 OCEANSIDE,0.9,The property type is explicitly filed as 'Commercial' and the low unit count of 6 suggests a small commercial building rather than a residential community.,2026-05-03T15:26:49.542399
728f0609-864d-459b-93c6-3d4466462c49,"17591 Scarsdale Property Owner, Llc",0.9,The property type is explicitly listed as 'Commercial' and the entity name includes 'LLC' which is typical for commercial property ownership structures.,2026-05-03T15:26:49.838621
d587e75b-8186-4264-a31d-c1f06ec7e409,"2724 N Australian Property Owner, Llc",0.9,The property type is explicitly listed as 'Commercial' and the LLC structure is typical for commercial property ownership.,2026-05-03T15:26:50.059167
1ab2ac5b-eb76-4e1d-beb9-444aa0ce3948,"309 Angle Property Owner, Llc",0.9,The property type is explicitly listed as 'Commercial' and the LLC structure is typical for commercial property ownership.,2026-05-03T15:26:50.265359
2cb11dff-3afc-4450-8dc7-28a26377b788,"3200 Tyrone Property Owner, Llc",0.9,The property type is explicitly listed as 'Commercial' and the LLC structure suggests a business property rather than a residential community.,2026-05-03T15:26:50.465414
f17b0b68-5bae-4895-b5d8-05e65a48b3ad,"340 Pike Road Property Owner, Llc",0.9,The property type is explicitly listed as 'Commercial' and the entity name includes 'LLC' which typically indicates a business/commercial property ownership structure.,2026-05-03T15:26:50.770821
d5fd9e5e-292d-4c41-8ae8-5497b8ba6f3c,"3481 Garber Property Owner, Llc",0.95,The property type is explicitly listed as 'Commercial' and the entity name includes 'LLC' which typically indicates a business property ownership structure.,2026-05-03T15:26:50.964562
5b53fc42-9d51-4b14-9661-9e429c87da04,"400 Enterprise Property Owner, Llc",0.9,"The name '400 Enterprise Property Owner, LLC' and filed property type as 'Commercial' clearly indicate this is a commercial property association.",2026-05-03T15:26:51.148947
4bd9f6ed-023c-4ec9-b4a5-cabd8ef6b92b,"427 Market Property Owner, Llc",0.95,"The property type is explicitly listed as 'Commercial' and the name '427 Market Property Owner, LLC' suggests a commercial property ownership entity.",2026-05-03T15:26:51.436529
b8a8df9b-c8f7-427d-8b5f-7edb60fde53c,"45Th Street Business/Industrial Park Master Association, Inc.",0.9,The name explicitly indicates 'Business/Industrial Park' which clearly identifies this as a commercial property association despite the conflicting 'single family' property type listing.,2026-05-03T15:26:51.626888
3e8a165c-33b1-4396-878e-4486e1df1c2b,"460 Enterprise Property Owner, Llc",0.9,"The property type is explicitly listed as 'Commercial' and the name '460 Enterprise Property Owner, LLC' suggests a commercial enterprise or business property.",2026-05-03T15:26:51.812422
42d1f476-a8df-4ccb-9d9a-b2908003d159,"560 Distribution Property Owner, Llc",0.9,"The name '560 Distribution Property Owner, LLC' and the 'Commercial' property type on file clearly indicate this is a commercial distribution/industrial facility.",2026-05-03T15:26:52.098479
0cc66b85-3611-4fb3-a93d-c58859ebeb69,"7003 Technology Property Owner, Llc",0.95,"The name '7003 Technology Property Owner, LLC' and Jupiter location strongly suggest a commercial technology/business park property, and the property type is explicitly filed as commercial.",2026-05-03T15:26:52.267502
c6305018-c5d2-4b00-87da-6602315b8f45,"7385 Commercial Circle Property Owner, Llc",0.95,"The name includes 'Commercial Circle' and the property type is explicitly filed as 'Commercial', clearly indicating a commercial property.",2026-05-03T15:26:52.448209
5a8c9f81-1ab6-49e7-93d6-ca53995d30e6,"800 Immokalee Property Owner, Llc",0.9,The property type is explicitly listed as 'Commercial' and the LLC structure suggests a commercial investment property.,2026-05-03T15:26:52.641026
d370d946-0784-4c58-a8d1-8a9f79cdccf0,"800 Indiantown Property Owner, Llc",0.9,"The property is filed as commercial type and owned by an LLC, which strongly indicates a commercial real estate investment rather than a residential community association.",2026-05-03T15:26:52.810914
a2bf2f86-7530-406b-b481-6d4748939e44,"821 Jupiter Park Property Owner, Llc",0.9,"The property type is explicitly listed as 'Commercial' and the name '821 Jupiter Park Property Owner, LLC' suggests a commercial property ownership entity rather than a residential community associati",2026-05-03T15:26:52.992538
91dd5d82-9fe1-44ad-81e5-1b5206b3a499,"8245 S State Rd Property Owner, Llc",0.9,"The property type is explicitly listed as 'Commercial' and the entity name includes 'Property Owner, LLC' which typically indicates a commercial real estate investment.",2026-05-03T15:26:53.164596
e608835b-9591-4611-a68a-5bd029b1da1a,"8300 Leo Kidd Property Owner, Llc",0.9,"The entity is structured as an LLC property owner and filed as commercial property type, indicating a business/investment property rather than a residential community association.",2026-05-03T15:26:53.325486
f313885d-6aad-4967-b4a4-024eacf33d19,"840 Jimmy Ann Property Owner, Llc",0.9,"The property type is explicitly listed as 'Commercial' and the entity is structured as an LLC, which is typical for commercial property ownership.",2026-05-03T15:26:53.529711
f98b24c8-57f6-4ede-abcf-8d72bbc83472,"8456 Orange Ave Property Owner, Llc",0.9,"The property type is explicitly listed as 'Commercial' and the entity is structured as an LLC, which is typical for commercial property ownership.",2026-05-03T15:26:53.712147
d8aba844-ac99-47bc-bc55-41a76f0742a4,"857 Sw Macedo Property Owner, Llc",0.9,"The property type is explicitly filed as 'Commercial' and the entity is structured as an LLC, which is typical for commercial property ownership.",2026-05-03T15:26:53.918422
f21bfa72-f4a1-4325-8f0c-b438b0078d52,"8620 Ltc Property Owner, Llc",0.9,The property type is explicitly listed as 'Commercial' and the LLC naming structure suggests a business property investment.,2026-05-03T15:26:54.093782
705ae046-8b7f-4f74-98a8-b287ce3e301a,"920 Indiantown Property Owner, Llc",0.9,The property type is explicitly listed as 'Commercial' and the LLC structure is typical for commercial property ownership.,2026-05-03T15:26:54.298730
792fdb9e-a999-47b1-87a2-45a1b9ca183d,"952 Jupiter Park Property Owner, Llc",0.9,The property type is explicitly listed as commercial and the LLC structure with 'Property Owner' in the name strongly suggests a commercial real estate investment rather than a residential community a,2026-05-03T15:26:54.480580
eeec5462-4364-4d85-b8ba-5ff7f3b2cc21,ALBANESE COMMERCE CENTER COND*,0.95,The name 'Commerce Center' and filed property type of 'Commercial' clearly indicate this is a commercial office or business park.,2026-05-03T15:26:54.665156
652c0cba-9663-4b14-8b02-1b1ea92317e1,Bcg Cocoa Property Owner Llc,0.9,The property type is explicitly listed as 'Commercial' and the entity name 'Bcg Cocoa Property Owner Llc' suggests a commercial property ownership structure rather than a residential community associa,2026-05-03T15:26:54.841393
0624bae8-d3e3-44b6-8b1e-e0c0a285d453,Bcg Vero Property Owner Llc,0.9,The property type is explicitly listed as 'Commercial' and the LLC structure with 'Property Owner' in the name strongly indicates a commercial real estate investment entity.,2026-05-03T15:26:55.011056
f683f1a1-cb33-4257-a69d-123b8a4eac88,"Benoist Farms Industrial Park North Property Owners Association, Inc.",0.9,The name explicitly identifies it as an 'Industrial Park' which is a clear commercial property type despite the conflicting 'single family' designation on file.,2026-05-03T15:26:55.193447
8e54edb6-7006-4bf3-99ec-4d3a8407bf0c,"Bink'S Commercial Centre Property Owner'S Association, Inc.",0.9,The name 'Commercial Centre Property Owner's Association' explicitly indicates this is a commercial property despite the conflicting 'single family' designation on file.,2026-05-03T15:26:55.421770
0936007f-129a-4abe-8484-2c41b46ac291,"Blount Property Owner, Llc",0.9,"The property type is explicitly listed as 'Commercial' and the entity name 'Blount Property Owner, LLC' suggests a commercial real estate investment entity rather than a residential community associat",2026-05-03T15:26:55.592032
147f8165-fbd9-49ff-993b-189d3de69cc7,BOCA RATON MEDICAL PLAZA COND*,0.95,"The name 'Medical Plaza' clearly indicates a commercial medical office building, and the property type is already filed as commercial.",2026-05-03T15:26:55.780333
acc08c1e-d79b-4523-8476-2b73aede35c5,"Cape Canaveral Property Owner, Llc",0.9,The property type is explicitly filed as 'Commercial' and the entity name includes 'Llc' which typically indicates a business entity managing commercial real estate.,2026-05-03T15:26:55.981621
8fbde659-2fc7-4afd-b8cf-fbc2e3925451,"Cape Coral Property Owner, Llc",0.9,The property type is explicitly filed as 'Commercial' and the LLC structure is typical for commercial property ownership.,2026-05-03T15:26:56.151095
7cefa81d-cd12-43b1-b056-cf2c5a5f7ccd,Cartee Road Property Owner Llc,0.9,The property type is explicitly filed as 'Commercial' and the LLC structure is typical for commercial property ownership.,2026-05-03T15:26:56.322641
da3c545e-da0d-4ad2-988c-75ea58c237bb,"Clematis Property Owner, Llc",0.9,"The property type is explicitly listed as 'Commercial' and the entity name 'Clematis Property Owner, LLC' suggests a commercial property ownership structure rather than a residential community associa",2026-05-03T15:26:56.483351
991b6acc-0eba-4cd8-8c82-05e55db1ef0b,"Commerce Property Owner, Llc",0.95,"The property type is explicitly listed as 'Commercial' and the entity name 'Commerce Property Owner, LLC' strongly suggests a commercial property investment/management company.",2026-05-03T15:26:56.656618
78110176-1086-49c8-afa0-2e76db9023d3,"Congress Property Owner, Llc",0.9,"The property type is explicitly listed as 'Commercial' and the name 'Congress Property Owner, LLC' suggests a commercial real estate investment entity rather than a residential community association.",2026-05-03T15:26:56.850450
772c9e84-438e-4cf6-a422-6cd296d84623,"Crystal Tree Property Owner, Llc",0.9,The property type is explicitly listed as 'Commercial' and the LLC structure is typical for commercial property ownership.,2026-05-03T15:26:57.024879
d4ca25fe-3e16-4247-9f22-c74a4c4b910b,"Currency Drive Property Owner, Llc",0.9,The property type is explicitly filed as 'Commercial' and the LLC structure with 'Property Owner' in the name typically indicates commercial real estate ownership.,2026-05-03T15:26:57.181042
60626399-85cf-4cfb-9f3f-3bb010449365,DELRAY MEDICAL CENTER II COND*,0.9,"The name 'DELRAY MEDICAL CENTER II COND' clearly indicates a medical office condominium building, which is a commercial property type despite being structured as a condominium association.",2026-05-03T15:26:57.342219
df5bdee9-75c9-47da-94ca-238fc3f3573d,"Dixie Property Owner, Llc",0.9,The property type is explicitly filed as 'Commercial' and the LLC structure is typical for commercial property ownership.,2026-05-03T15:26:57.498608
20b3b5a8-34d8-4cdf-bc3b-f6123c5249d1,"Dunedin Property Owner, Llc",0.9,"The property type is explicitly listed as 'Commercial' and the entity name 'Dunedin Property Owner, Llc' suggests a commercial real estate investment company rather than a residential community associ",2026-05-03T15:26:57.655114
3d400579-a332-41ce-931e-a14b6b5d2a5e,"Fisher Ave Property Owner, Llc",0.9,The property type is explicitly listed as 'Commercial' and the LLC structure is typical for commercial property ownership.,2026-05-03T15:26:57.826529
05816c3e-297b-4cf0-a594-2700bed605f8,Fp Tequesta Property Owner Llc,0.9,The property type is explicitly listed as 'Commercial' and the entity name 'Fp Tequesta Property Owner Llc' suggests a commercial property ownership structure rather than a residential community assoc,2026-05-03T15:26:57.994438
29f0e28d-4894-47de-8bb4-813649d8ccb5,"Garden Road Property Owner, Llc",0.9,The property type is explicitly filed as 'Commercial' and the LLC structure with 'Property Owner' in the name strongly suggests a commercial real estate investment entity.,2026-05-03T15:26:58.161951
0effae71-dad6-4683-a23c-b3426dca2ae1,"Haverhill Business Park Property Owners Association, Inc.",0.9,"The name 'Haverhill Business Park Property Owners Association' clearly indicates this is a business park, which is a commercial property type despite the conflicting 'single family' designation on fil",2026-05-03T15:26:58.344012
794e2fa6-cf14-420d-b358-450f616709d8,"Hypoluxo Property Owner, Llc",0.9,"The property type is explicitly listed as 'Commercial' and the entity name 'Hypoluxo Property Owner, LLC' suggests a commercial real estate investment company rather than a residential community assoc",2026-05-03T15:26:58.516487
0d28ad40-2dc4-444a-9742-fc1aa44fe63d,"Jps Property Owners, Llc",0.9,The property type is explicitly listed as 'Commercial' and the LLC structure is typical for commercial property ownership.,2026-05-03T15:26:58.697482
60eb3d82-fa31-4b6f-ad2b-368a2c23f8eb,"Jupiter Park Drive Property Owner, Llc",0.9,The property type is explicitly listed as 'Commercial' and the LLC structure with 'Property Owner' in the name suggests a commercial real estate investment entity.,2026-05-03T15:26:58.864660
c16c51df-5a49-408f-b56d-65b9fadae8d8,JUPITER PARK PLAZA COND*,0.9,The name 'Jupiter Park Plaza' with 'Plaza' terminology and the property type being officially filed as 'Commercial' strongly indicates this is a commercial retail or office complex rather than a resid,2026-05-03T15:26:59.023812
2d22f049-257a-45dd-99a3-4c92fa3c571c,"Kanner Business Park Property Owners Association, Inc.",0.9,"The name 'Kanner Business Park Property Owners Association' clearly indicates this is a business park, which is a commercial property type despite the conflicting 'single family' designation on file.",2026-05-03T15:26:59.184029
4ebd7cd1-e903-497e-a292-a19e1c7d45e7,"Kissimmee Business Park Property Owners Association, Inc.",0.9,"The name 'Kissimmee Business Park Property Owners Association' clearly indicates a business park, which is a commercial property type despite the conflicting 'single family' designation on file.",2026-05-03T15:26:59.341817
3a8cfdb5-81be-4e61-a3ae-0d347d0f15ae,"Lawson Industrial Park Property Owners' Association, Inc.",0.9,"The name 'Lawson Industrial Park Property Owners' Association' clearly indicates this is an industrial park, which is a commercial property type despite the conflicting 'single family' designation on ",2026-05-03T15:26:59.515244
9421d462-3fcc-4606-a9e4-c7cc88351346,"Leelan-West Industrial Park Property Owners Association, Inc.",0.95,The name explicitly identifies it as an 'Industrial Park' which is a clear commercial property type despite the conflicting 'single family' designation on file.,2026-05-03T15:26:59.678773
28788eca-1882-413e-a617-b9bfddff2731,LOXAHATCHEE BUSINESS PARK COND*,0.95,"The name explicitly includes 'BUSINESS PARK' and the property type is listed as Commercial, clearly indicating a commercial office/business facility.",2026-05-03T15:26:59.830622
06b9011a-644b-4305-b3db-3d68413b8513,"Lyons Corporate Park Master Association, Inc.",0.9,"The name 'Lyons Corporate Park Master Association' clearly indicates a corporate/business park, which is a commercial property type despite the conflicting 'single family' designation on file.",2026-05-03T15:26:59.999145
f4b210cb-a1ba-4ba7-9202-80dadaaffd49,MAPLEWOOD PROFESSIONAL CENTER PH II COND*,0.95,"The name 'Professional Center' clearly indicates a commercial office building, supported by the commercial property type on file and low unit count typical of office condominiums.",2026-05-03T15:27:00.157200
d94fd055-97ad-4401-889f-027af65bc3ca,MAPLEWOOD PROFESSIONAL CENTER PH IV COND*,0.95,The name 'Professional Center' and property type listed as 'Commercial' clearly indicates this is a commercial office building or medical facility.,2026-05-03T15:27:00.313013
d8ba29a4-7400-4a6d-98d8-8c834f933350,"Maule Way Property Owner, Llc",0.9,The property type is explicitly listed as 'Commercial' and the entity name includes 'LLC' which typically indicates a business/commercial property ownership structure.,2026-05-03T15:27:00.482282
05c7bc55-8f73-4fd2-92a0-8133094fae7b,Melbourne Skyway Property Owner Llc,0.9,The property type is explicitly listed as 'Commercial' and the name 'Melbourne Skyway Property Owner LLC' suggests a commercial real estate ownership entity.,2026-05-03T15:27:00.640284
f52daea7-19d8-4877-8612-b461f2d7d4db,"Metrocentre Corporate Park Property Owners' Association, Inc.",0.95,The name 'Metrocentre Corporate Park' clearly indicates this is a business/office park despite the conflicting 'single family' designation in the file.,2026-05-03T15:27:00.810207
5e2a0502-893d-491a-a27d-283db5d569b1,MONTEREY OFFICE COND*,0.95,"The name 'MONTEREY OFFICE COND' explicitly indicates office condominiums, and the property type is listed as commercial with only 16 units, which is typical for commercial office condominium buildings",2026-05-03T15:27:01.022183
8146f026-28b3-407d-8fbb-c8b8900950bb,"Monterey Professional Property Owner, Llc",0.9,"The name includes 'Professional Property Owner' and the property type is explicitly listed as 'Commercial', indicating a business-oriented property rather than a residential community.",2026-05-03T15:27:01.184043
393ce7f2-9bd4-4141-acc8-6eda06119f10,"Northcorp Corporate Park Property Owners' Association, Inc.",0.9,The name 'Corporate Park Property Owners' Association' clearly indicates a business/office park development despite the conflicting 'single family' property type filing.,2026-05-03T15:27:01.370912
82ab0f89-813a-49b1-aa77-7984e0f5fc17,"Ocean Ave Property Owner, Llc",0.9,"The property type is explicitly listed as 'Commercial' and the entity name 'Ocean Ave Property Owner, LLC' suggests a commercial property investment/ownership structure rather than a residential commu",2026-05-03T15:27:01.549504
544e4111-d8e1-4fd5-9dfd-0b687d4720de,"Ocean Blvd Property Owner, Llc",0.9,The property type is explicitly filed as 'Commercial' and the LLC structure with 'Property Owner' naming convention strongly indicates a commercial real estate entity rather than a residential communi,2026-05-03T15:27:01.714180
320b3bc3-de07-4d33-bd01-d5a750d717c4,PENNOCK PROFESSIONAL PLZ COND*,0.95,The name 'Professional Plaza' and property type designation as 'Commercial' clearly indicates this is a commercial office/professional building complex.,2026-05-03T15:27:01.876806
16a2fdb9-ec1f-4a15-952e-5682e2dc9828,"Peruvian Property Owner, Llc",0.9,"The property type is explicitly listed as 'Commercial' and the entity name 'Peruvian Property Owner, LLC' suggests a commercial investment property rather than a residential community association.",2026-05-03T15:27:02.043843
3038e541-2597-4090-9862-8f8d2e0fd550,"Pga Hotel-Retail Property Owners' Association, Inc.",0.9,The name explicitly includes 'Hotel-Retail' indicating commercial hospitality and retail properties rather than residential housing.,2026-05-03T15:27:02.224533
a5885d95-410e-4913-8f7f-771fe745b2c8,"Pinellas Industrial Property Owner, Llc",0.95,"The name 'Pinellas Industrial Property Owner' clearly indicates an industrial property, and the property type is listed as commercial.",2026-05-03T15:27:02.400680
8688e0df-1ed6-40ec-833d-2c668a29f463,"Plant City Property Owner, Llc",0.9,"The property type is explicitly listed as 'Commercial' and the entity name 'Plant City Property Owner, LLC' suggests a commercial property investment company.",2026-05-03T15:27:02.597989
8557711c-7b99-425a-820a-53bd0e5fe9b1,"Port Salerno Industrial Park Property Owner'S Association, Inc.",0.9,"The name explicitly identifies it as an 'Industrial Park' which is a commercial property type, despite the conflicting 'single family' designation on file.",2026-05-03T15:27:02.756690
baf53726-7403-44bb-88b5-ea7d8d483be3,Psl Mercantile Property Owner Llc,0.9,"The name 'Mercantile Property Owner LLC' strongly suggests a commercial entity, as 'mercantile' refers to trade and commerce, and this aligns with the commercial property type on file.",2026-05-03T15:27:02.935011
2cec4ffb-828f-4339-9096-3645fb743b4b,"Related-Frisbie Flagler Property Owner, Llc",0.9,The property type is explicitly filed as 'Commercial' and the LLC structure with 'Property Owner' designation strongly indicates a commercial real estate entity rather than a residential community ass,2026-05-03T15:27:03.100519
3477d526-6754-4fcb-ad75-d59e44d670fb,"Riverside Property Owner, Llc",0.9,The property type is explicitly listed as 'Commercial' and the LLC structure is typical for commercial property ownership.,2026-05-03T15:27:03.263238
9fa838f6-d1ce-455c-8399-1666bcd6e4cf,Royal Palm Property Owner Llc,0.9,The property type is explicitly listed as 'Commercial' and the name 'Royal Palm Property Owner LLC' suggests a commercial real estate investment entity rather than a residential community association.,2026-05-03T15:27:03.446294
1627525a-a23d-49d4-84c7-b862c55098fa,"S King Highway Property Owner, Llc",0.9,"The property type is explicitly listed as 'Commercial' and the name 'S King Highway Property Owner, LLC' suggests a commercial property along a major highway corridor.",2026-05-03T15:27:03.619392
ce87ec06-d298-41c7-ac06-7af1629b4544,"S.G.A. Property Owner, Llc",0.9,"The property type is explicitly listed as 'Commercial' and the entity name 'S.G.A. Property Owner, LLC' suggests a commercial real estate ownership structure.",2026-05-03T15:27:03.791899
74b83aae-6480-4a1b-8be0-9581989ed4d4,SAN PALERMO,0.9,"The property type is explicitly listed as 'Commercial' on file, which is the strongest indicator for classification.",2026-05-03T15:27:03.951017
a581a3a5-f08f-48ac-88df-481e39512179,"Selvitz Road Property Owner, Llc",0.9,The property type is explicitly filed as 'Commercial' and the LLC structure is typical for commercial property ownership.,2026-05-03T15:27:04.118081
ef00bca2-976a-4c0e-ad09-c6dea8e9d5b6,"Signature Storage Property Owner, Llc",0.95,"The name 'Signature Storage Property Owner' clearly indicates a storage facility, which is a commercial property type.",2026-05-03T15:27:04.292084
5622ed30-3589-402e-9d10-6ec150ac0a31,SOUTH CONGRESS COMMERCE CENTER COND*,0.9,The name 'Commerce Center' clearly indicates a commercial business property rather than a residential community.,2026-05-03T15:27:04.463732
08d7a784-88b5-4af6-a524-eca9d141c8fc,"South Congress Industrial Center Property Owners' Association, Inc.",0.9,The name 'South Congress Industrial Center' clearly indicates an industrial/commercial property despite the conflicting 'single family' designation on file.,2026-05-03T15:27:04.623865
c960c292-34c8-4cf6-97e1-cecbc99eb3c9,"Stuart Avenue Property Owner, Llc",0.9,The property type is explicitly filed as 'Commercial' and the LLC structure is typical for commercial property ownership.,2026-05-03T15:27:04.783175
2df2335d-34c8-49c5-a2a5-98907a4f09ed,"Sunrise Corporate Plaza Property Owner, Llc",0.95,The name 'Sunrise Corporate Plaza' clearly indicates a commercial office or business plaza development.,2026-05-03T15:27:04.976688
2f244db1-92d3-400e-abcd-b72a6b811751,"Sw 4Th Property Owner, Llc",0.9,The property type is explicitly filed as 'Commercial' and the LLC structure with 'Property Owner' in the name strongly suggests a commercial real estate investment entity.,2026-05-03T15:27:05.156334
4bec825b-e65d-42af-9f6d-1333b3b0c3eb,TEQUESTA COMMERCE CENTER COND*,0.95,The name 'Commerce Center' strongly indicates a business/commercial property rather than a residential community.,2026-05-03T15:27:05.324340
02959d35-1dba-4091-a9ae-e0403efc3c93,"The Airport Industrial Park Property Owner'S Association, Inc.",0.95,"The name 'Airport Industrial Park Property Owner's Association' clearly indicates this is an industrial park, which is a commercial property type despite the conflicting 'single family' designation on",2026-05-03T15:27:05.585965
4ae82e40-123d-460d-a9a4-e516518f2069,"Thor Property Owner, Llc",0.9,The property type is explicitly filed as 'Commercial' and the LLC ownership structure is typical for commercial real estate investments.,2026-05-03T15:27:05.766156
ecdeca16-da14-4237-9c2d-826ee791f7b9,"Treeland Property Owner, Llc",0.9,"The property type is explicitly listed as 'Commercial' and the entity name 'Treeland Property Owner, LLC' suggests a commercial real estate ownership structure rather than a residential community asso",2026-05-03T15:27:05.944349
57f062d7-ae38-45cc-a208-1722c61d93e1,"Trinity Al Property Owner, Llc",0.9,"The property type is explicitly listed as 'Commercial' and the entity name 'Trinity Al Property Owner, LLC' suggests a commercial property ownership structure.",2026-05-03T15:27:06.111944
b55de19d-8cc5-430e-9a5a-ed77e728c804,"Trinity Il Property Owner, Llc",0.9,The property type is explicitly listed as 'Commercial' and the LLC structure is typical for commercial property ownership.,2026-05-03T15:27:06.279006
d9963b08-ad99-41ab-aa1e-e70682137dd4,"Wellington Corporate Center Property Owner'S Association, Inc.",0.9,The name 'Wellington Corporate Center' clearly indicates a commercial office or business park development.,2026-05-03T15:27:06.443707
9cbca607-7adf-4b98-b207-4ff3d675ad0c,Wellington Property Owner Llc,0.9,The property type is explicitly listed as 'Commercial' and the entity name 'Wellington Property Owner LLC' suggests a commercial real estate investment entity rather than a residential community assoc,2026-05-03T15:27:06.607350
b5fc957a-ee60-4130-b003-96f8b32af15f,"Wellington Reserve Office Park Property Owners Association, Inc.",0.9,The name 'Office Park Property Owners Association' clearly indicates a commercial office park development despite the conflicting 'single family' property type designation.,2026-05-03T15:27:06.775333
80a52fbc-cfb1-4872-b1e0-c3372dc01d8e,WEST BOCA MEDICAL OFFICE COND*,1.0,"The name explicitly identifies it as a medical office condominium, which is clearly a commercial property type.",2026-05-03T15:27:06.946370
07efd37e-831b-4707-af09-df5f5cc4a710,"Westport Industrial Park Property Owners Association, Inc.",0.9,"The name 'Westport Industrial Park Property Owners Association' clearly indicates this is an industrial park, which is a commercial property type despite the 'single family' filing designation that ap",2026-05-03T15:27:07.119491
4009c3d7-2685-4d17-b5c0-b2e0cf8d2b0e,"Westroads Drive Property Owner, Llc",0.9,The property type is explicitly filed as 'Commercial' and the LLC structure with 'Property Owner' in the name strongly suggests a commercial real estate investment entity.,2026-05-03T15:27:07.292404
cfc86b5d-0eb9-491c-ba7d-b6af6506a8cd,"Westwood Center Property Owner, Llc",0.9,"The name 'Westwood Center Property Owner, LLC' and the filed property type as 'Commercial' clearly indicate this is a commercial property association.",2026-05-03T15:27:07.466804
56d79b0f-030e-43e2-8215-a067fdfd65c8,"White Drive Property Owner, Llc",0.9,The property type is explicitly listed as 'Commercial' and the entity name includes 'LLC' which typically indicates a business entity managing commercial real estate.,2026-05-03T15:27:07.674249
c1907bb0-64d7-471b-a7dd-9ea456f21fb9,"Wildwood Property Owner, Llc",0.9,The property type is explicitly listed as 'Commercial' and the LLC structure with 'Property Owner' in the name strongly indicates commercial real estate ownership rather than a residential community a,2026-05-03T15:27:07.830054
6eebc6ab-0e6e-4a85-b501-63cca9350efb,"Winter Haven Property Owner, Llc",0.9,The property type is explicitly listed as 'Commercial' and the entity name includes 'LLC' which typically indicates a commercial business structure rather than a residential community association.,2026-05-03T15:27:08.005090
8d2b4d0f-e552-468c-8fc2-0ad4ec85afcd,10080 COMMERCIAL CONDO *(***)=*(***),0.95,The name explicitly includes 'COMMERCIAL CONDO' indicating this is a commercial condominium property rather than a residential community.,2026-05-03T15:27:08.174258
b889f49c-b4c2-4131-a251-e6dc696c4147,1016 CLARE AVENUE COMMERCIAL CONDO,0.95,The name explicitly states 'COMMERCIAL CONDO' which clearly indicates this is a commercial property rather than residential.,2026-05-03T15:27:08.350946
4164b86e-38eb-48ec-a42f-c3af018abfb3,"1401 Village Green Property Owner, Llc",0.9,The property type is explicitly listed as 'Commercial' and the LLC structure suggests a business property rather than a residential community association.,2026-05-03T15:27:08.517730
4d8a0c4e-72b4-4ea2-8d87-c87f4321cfdb,1662 OFFICE CONDO *,0.95,"The name explicitly contains 'OFFICE CONDO' and the property type is filed as commercial, clearly indicating this is a commercial office condominium association.",2026-05-03T15:27:08.682468
5b3482f4-5d9e-4ab1-a9d5-f1d612269d06,"2720 Center Place Property Owner, Llc",0.9,The property type is explicitly listed as 'Commercial' and the name suggests a commercial center or plaza property.,2026-05-03T15:27:08.861102
4d6cd886-0910-4b6e-8df2-082e4aad3255,7280 BOYNTON BEACH PROFESSIONAL CENTER CONDO *,0.95,The name 'Professional Center' clearly indicates this is a commercial office building rather than a residential property.,2026-05-03T15:27:09.017599
c4cd6db0-adbc-4e63-b3d4-2d6fe9b76dc6,861 COMMERCIAL CONDOMINIUM*,0.95,"The name explicitly states 'COMMERCIAL CONDOMINIUM' and the property type is listed as commercial, clearly indicating a business-oriented condominium development.",2026-05-03T15:27:09.200342
0292db69-f976-4f0d-bab4-18c63be1b437,9291 GLADES ROAD MEDICAL OFFICE CONDO * (***),1.0,"The name explicitly states 'MEDICAL OFFICE CONDO' and the property type is listed as Commercial, clearly indicating a medical office building.",2026-05-03T15:27:09.378028
406e0ada-dc13-4a5c-a1a1-c383dc76b9f0,AC PB PARK COMMERCE CONDO,0.9,"The name includes 'PARK COMMERCE' and the property type is officially filed as commercial, indicating a business/commercial development.",2026-05-03T15:27:09.555628
f269971e-3cd2-4b11-bbab-66b91fe2a61c,"Ainhoa And Dad Trucking, Llc",0.95,"The name 'Ainhoa And Dad Trucking, Llc' clearly indicates a trucking business entity, which is commercial in nature.",2026-05-03T15:27:09.727128
e63e93bb-70dc-421c-b389-3521944e5eda,ARNOLD INDUSTRIAL PARK CONDO *,0.9,"The name 'ARNOLD INDUSTRIAL PARK CONDO' clearly indicates this is an industrial park with only 3 units, which is typical of commercial/industrial condominium developments rather than residential livin",2026-05-03T15:27:09.904517
8c662cda-5fb2-4732-816c-9bf5587319fc,ATRIUM 2 OFFICE CONDO *,1.0,"The name explicitly contains 'OFFICE CONDO' and the property type is listed as commercial, clearly indicating this is a commercial office condominium association.",2026-05-03T15:27:10.081831
91cb59d9-38f5-4256-870e-fa6926abba7c,AVENUE EAST RETAIL CONDOMINIUM*,0.9,"The name 'AVENUE EAST RETAIL CONDOMINIUM' explicitly indicates this is a retail commercial property with only 6 units, typical of a small retail center or strip mall.",2026-05-03T15:27:10.247711
2cc74be2-e3d1-433e-9a17-8cf4cc4d5e62,BEACON SQUARE PROFESSIONAL CAMPUS CONDO *,0.95,The name 'Professional Campus' and the property type being listed as commercial clearly indicates this is a business/office complex rather than a residential community.,2026-05-03T15:27:10.418966
d7ff54c5-c23f-4ca7-a3a8-44bae3fbad41,BELVEDERE WEST INDUSTRIAL PARK CONDOMINIUM*,0.95,The name explicitly identifies it as an 'Industrial Park' which is a clear indicator of commercial property use.,2026-05-03T15:27:10.602733
4df0567d-64f4-49e7-b358-af4b5aa6fe39,BOCA COMMERCIAL INDUSTRIAL CONDO #2*,0.95,"The name explicitly contains 'COMMERCIAL INDUSTRIAL CONDO' and the property type is filed as 'Commercial', clearly indicating this is a commercial condominium association for business/industrial use.",2026-05-03T15:27:10.768340
fd78ab36-8c0f-46e3-8bae-09786e13e49f,BOCA OFFICE & WAREHOUSE CONDO *,1.0,"The name explicitly states 'OFFICE & WAREHOUSE CONDO' and the property type is listed as commercial, clearly indicating a commercial condominium for business use.",2026-05-03T15:27:10.974803
054f5a22-86f4-4528-9d87-64664ebfdc2c,BOCA PALM PROFESSIONAL CONDO *,0.9,"The name includes 'PROFESSIONAL CONDO' and the property type is listed as Commercial, indicating this is likely a professional/office condominium building rather than a residential community.",2026-05-03T15:27:11.126942
b3dc646c-b99c-403a-b5d0-fca19d09dc57,BOCA RATON MEDICAL ARTS CONDO *,0.95,The name 'Medical Arts Condo' clearly indicates a medical office building or professional healthcare facility rather than a residential community.,2026-05-03T15:27:11.285134
01fbd52c-3d30-49ee-a041-4b6d21ce905c,BOULEVARD INDUSTRIAL PK CONDO *,0.9,"The name 'BOULEVARD INDUSTRIAL PK CONDO' clearly indicates this is an industrial park with condominium ownership structure, which is a commercial property type.",2026-05-03T15:27:11.446226
57fcbd20-8d4f-4710-bb8f-2fce7488cd46,BUNKER OFFICE WAREHOUSE CONDO *(***),0.95,"The name 'BUNKER OFFICE WAREHOUSE CONDO' explicitly indicates this is an office and warehouse facility, which are commercial property types.",2026-05-03T15:27:11.641987
1754d4df-93d7-43c2-8df1-ebf188e2aa87,"Centre Place Professional Park Property Owners' Association, Inc.",0.9,"The name 'Professional Park Property Owners' Association' clearly indicates a commercial office or professional building complex, despite the contradictory 'single family' property type filing.",2026-05-03T15:27:11.815272
c1404585-a21b-4d5f-90ed-dfb4add193aa,COMMERCE ROAD COMMERCIAL CONDO,0.95,The name explicitly includes 'COMMERCIAL CONDO' and the low unit count of 5 suggests business/office units rather than residential living spaces.,2026-05-03T15:27:12.016839
4ab2e819-14ea-4581-adba-96810fc140cf,COMMUNITY MEDICAL PLAZA CONDO *,0.95,"The name 'Community Medical Plaza Condo' clearly indicates a medical office building or healthcare facility, which is a commercial property type.",2026-05-03T15:27:12.185104
edd5381e-f058-4bb5-99ba-0b21f6ff7cc3,CONGRESS COMMERCE CENTER CONDO*,0.9,The name 'Congress Commerce Center' clearly indicates a commercial business complex rather than a residential community.,2026-05-03T15:27:12.339298
91a7df2a-796b-4aa6-9d8c-8169a009e051,CONGRESS COMMERCIAL CENTER CONDOMINIUM,0.95,"The name 'Congress Commercial Center Condominium' explicitly indicates this is a commercial center, not a residential community.",2026-05-03T15:27:12.514944
a850932c-1d02-4d14-b718-1ab52d0cc960,CONGRESS CORPORATE PLAZA I CONDOMINIUM*,0.95,"The name 'Congress Corporate Plaza' clearly indicates a commercial office building or business complex, and the property type is already filed as commercial.",2026-05-03T15:27:12.674675
1a11ab06-74df-4384-bee7-2018777ec7a6,CONGRESS MEDICAL CENTER CONDO (*),0.9,The name 'CONGRESS MEDICAL CENTER CONDO' clearly indicates a medical office building or healthcare facility rather than a residential community.,2026-05-03T15:27:12.840296
5acc73ae-6834-4f54-bd64-6eb429b9be3f,CONGRESS PROFESSIONAL BUILDING CONDO*,0.95,"The name 'CONGRESS PROFESSIONAL BUILDING CONDO' clearly indicates a professional/office building, and it's already filed as commercial property type.",2026-05-03T15:27:13.007080
fa48f533-7c3a-4a3e-95b0-b631b0ee7f0c,CONTRACTOR BUSINESS PARK CONDO INC,0.95,The name explicitly includes 'CONTRACTOR BUSINESS PARK' indicating it's a commercial business park for contractors rather than a residential community.,2026-05-03T15:27:13.180564
6abd88ed-71c1-4c1c-95a4-604db8e11f29,CONTRACTORS BUSINESS PARK VISTA CENTER CONDOMINIUM *,0.95,The name explicitly includes 'CONTRACTORS BUSINESS PARK' indicating it's a commercial business park development for contractors and businesses.,2026-05-03T15:27:13.341019
c57aa2f5-2e65-4b3f-9687-72c734e490b4,CORAL TRACE OFFICE PARK CONDOMINIUM,0.95,The name explicitly indicates 'OFFICE PARK' which clearly identifies this as a commercial office condominium development rather than a residential property.,2026-05-03T15:27:13.509043
0495bb1e-7e44-485a-a702-f724763a0da3,CORPORATE COMMERCE CENTER CONDOMINIUM*,0.95,"The name 'Corporate Commerce Center Condominium' clearly indicates a commercial office or business facility, and it's filed as commercial property type with only 12 units typical of office condominium",2026-05-03T15:27:13.667626
004f6dba-0a54-42b3-87cb-3daed9c6a792,CORPORATE PLAZA CONDO *,0.9,The name 'Corporate Plaza Condo' and the official property type filing as 'Commercial' clearly indicate this is a commercial office building rather than a residential community.,2026-05-03T15:27:13.832217
99cd182f-e587-44da-b0e5-5949581c059d,CROSSPOINTE INDUSTRIAL PLAZA CONDOMINIUM*,0.95,The name 'CROSSPOINTE INDUSTRIAL PLAZA CONDOMINIUM' clearly indicates this is an industrial plaza with commercial/business units rather than residential living spaces.,2026-05-03T15:27:14.023648
24c0f3de-7d9b-4ada-b212-84a4ac01ea94,DANIEL MEDICAL CTR OFCE CONDO *,1.0,"This is clearly a medical office condominium building with only 10 units, which is a typical commercial property type.",2026-05-03T15:27:14.189820
47bf87c9-99df-4680-bd24-2ed115a11b6e,"Dellagio Commercial Condominium Property Owners' Association, I Nc.",0.9,The name explicitly includes 'Commercial Condominium' indicating it's a commercial property association despite the conflicting 'single family' designation on file.,2026-05-03T15:27:14.354091
1f16da5a-2f06-4234-8323-3a3aad3f656f,DELRAY MEDICAL CENTER I CONDO *,0.9,The name 'DELRAY MEDICAL CENTER I CONDO' clearly indicates this is a medical office building or healthcare facility rather than a residential condominium community.,2026-05-03T15:27:14.509983
fa06ab4d-5901-4157-bda1-9f299d17bb78,DOWNTOWN BUSINESS PARK CONDOMINIUM(*),0.9,The name 'DOWNTOWN BUSINESS PARK CONDOMINIUM' clearly indicates a commercial business park development rather than a residential community.,2026-05-03T15:27:14.669866
2b46f398-c18b-4df0-afb2-7362cefc5988,"Dr Scott Hoar, Llc",0.9,"The name 'Dr Scott Hoar, LLC' indicates a medical practice or professional service, and the property type is explicitly listed as commercial.",2026-05-03T15:27:14.853713
4708f84a-ea51-458b-a685-790877171891,FIFTEEN HUNDRED MEDICAL CONDO *,0.95,"The name 'FIFTEEN HUNDRED MEDICAL CONDO' clearly indicates a medical office building, and it's already filed as commercial property with only 7 units, which is typical for professional medical condomi",2026-05-03T15:27:15.018094
9b2be0b9-d3db-43b8-b87b-5c4be85135f7,"Fiscal Court Property Owner, Llc",0.9,The property type is explicitly listed as 'Commercial' and the entity name includes 'Llc' which typically indicates a business entity managing commercial real estate.,2026-05-03T15:27:15.177127
ae32fa5d-539c-4680-b28a-ef70a2e78ea1,FORUM PROFESSIONAL CENTER CONDO *,0.9,"The name 'FORUM PROFESSIONAL CENTER CONDO' clearly indicates a professional/business center with condo-style ownership, which is a commercial property type.",2026-05-03T15:27:15.424245
ed1d8d80-b89e-4941-a57e-596b24e094a1,GARDENS LAND PROFESSIONAL CENTER CONDOMINIUM*,0.9,The name 'GARDENS LAND PROFESSIONAL CENTER CONDOMINIUM' with 'Professional Center' clearly indicates a commercial office or business condominium complex rather than residential units.,2026-05-03T15:27:15.621376
cebfc96d-d541-43bf-9a6a-b6aa984f1b2e,GASLIGHT BUSINESS PARK CONDO *,0.95,The name 'GASLIGHT BUSINESS PARK CONDO' explicitly indicates this is a business park with commercial condominiums for business use rather than residential living.,2026-05-03T15:27:15.797096
5b890b8b-716a-4acf-9c98-fb65ac952f6f,GINAIRE WAREHOUSE CONDO *,0.95,"The name 'GINAIRE WAREHOUSE CONDO' explicitly indicates a warehouse facility, which is clearly commercial/industrial property rather than residential.",2026-05-03T15:27:16.011089
3b9292da-d0c8-4651-bf8e-debe9953939b,GLADES MEDICAL CENTER CONDOMINIUM *,0.95,"The name explicitly indicates a medical center condominium, which is a commercial property type for medical offices and healthcare facilities.",2026-05-03T15:27:16.187607
7bca2f3a-fb80-41f9-85ac-146011d0d6b4,GLADES MEDICAL PLAZA CONDO *,0.95,"The name 'GLADES MEDICAL PLAZA CONDO' clearly indicates a medical office building with multiple units for healthcare professionals, and the property type is already filed as commercial.",2026-05-03T15:27:16.356984
2baeef0c-92c4-4093-9910-cf3652600451,"Gonzalo Ochoa Enterprises, Llc",0.9,"The entity is named as an LLC enterprise and has commercial property type on file, indicating it's likely a business operation rather than a residential community association.",2026-05-03T15:27:16.538107
c0bb91ef-d819-45c8-9e35-8f86caa038b9,GRAND BAHAMA PROFESSIONAL PARK CONDO*,0.9,The name 'Professional Park' strongly indicates a commercial office or medical facility development rather than a residential community.,2026-05-03T15:27:16.717438
f4c45efc-e093-4fdd-ba52-77dd090caa0f,GREENWAY PROFESSIONAL CENTER I CONDOMINIUM*,0.95,"The name 'Professional Center' clearly indicates a commercial office building, and the property type is already filed as commercial with only 15 units typical of office condominiums.",2026-05-03T15:27:16.896967
95e2175c-8fc9-41ec-a46c-6ee676511577,GREENWAY PROFESSIONAL CENTER II CONDOMINIUM*,0.95,"The name 'Professional Center' clearly indicates a commercial office building, and it's filed as commercial property type with only 2 units typical of office condominiums.",2026-05-03T15:27:17.175676
c300a955-ac35-4009-8759-8f27e5e4bcbe,GREENWAY PROFESSIONAL CENTER III CONDOMINIUM*,0.95,"The name 'Professional Center' clearly indicates a commercial office building, which is confirmed by the official property type classification as 'Commercial'.",2026-05-03T15:27:17.391381
ab77be4c-3f71-4789-8259-faf8e5ef5e7f,GREENWICH COMMERCIAL CONDO,1.0,The property is explicitly labeled as 'Commercial Condo' in the name and has 'Commercial' listed as the property type on file.,2026-05-03T15:27:17.552647
7d34c986-cdd5-4b37-ae19-e6929cccedb7,GREENWICH MEDICAL CONDO,0.95,"The name 'GREENWICH MEDICAL CONDO' clearly indicates a medical office condominium, which is a commercial property type for healthcare professionals.",2026-05-03T15:27:17.754518
210df86e-3aa7-4006-9df8-5488fa3ccf07,"Guild Court Property Owner, Llc",0.9,"The property type is explicitly listed as 'Commercial' and the entity name 'Guild Court Property Owner, LLC' suggests a commercial real estate ownership structure.",2026-05-03T15:27:17.928343
b58a4ae6-03dd-402b-af66-6242f0c619d4,GULFSTREAM WAREHOUSE CONDO *,0.9,"The name 'GULFSTREAM WAREHOUSE CONDO' explicitly indicates warehouse units, which are commercial/industrial properties rather than residential living spaces.",2026-05-03T15:27:18.107894
62e00f64-21b4-4647-a8ca-3eec0b529f7b,H H H COMMERCE CENTER CONDO *,0.95,"The name 'Commerce Center Condo' clearly indicates a commercial property, and it's filed as commercial property type with only 6 units, typical of a small commercial condominium development.",2026-05-03T15:27:18.291207
8e3e3486-979d-4a80-b904-6157eeddbccf,H STREET COMMERCE PARK CONDOMINIUM,0.9,The name 'H Street Commerce Park Condominium' clearly indicates a commercial property with the term 'Commerce Park' suggesting a business or industrial development rather than residential units.,2026-05-03T15:27:18.468319
4efc3510-7a61-4be4-8fe4-665250ecd86a,HAMILTON & STE GEORGE OFFICE CONDO*,0.95,"The name explicitly includes 'OFFICE CONDO' and the property type is listed as commercial, clearly indicating this is a commercial office condominium association.",2026-05-03T15:27:18.639073
d838f36c-0bb1-4d80-872e-3003d553e651,"Hanh Hong Duong & Hoang Tan Truong, Llc",0.9,The property type is explicitly filed as 'Commercial' and the LLC structure suggests a business entity rather than a residential community association.,2026-05-03T15:27:18.803659
140606f3-3697-4d04-8e48-911cc9c69140,HIGH RIDGE COMMERCE CENTER 2 CONDO*,0.95,"The name 'HIGH RIDGE COMMERCE CENTER 2 CONDO' explicitly identifies it as a commerce center, which is a commercial property type despite being structured as a condominium association.",2026-05-03T15:27:18.990511
0ba38246-3055-4a19-befa-a2156882694c,"High Ridge Property Owner, Llc",0.9,The property type is explicitly listed as 'Commercial' and the LLC structure is typical for commercial property ownership.,2026-05-03T15:27:19.179442
0314f58c-4446-45d8-b3ea-a3b73489d4a4,"Hoa Enterprises, Llc",0.9,The property type is explicitly listed as 'Commercial' and the LLC structure with 'Enterprises' in the name strongly suggests a business-focused property rather than residential community.,2026-05-03T15:27:19.347948
39898932-395e-405c-a3e0-fe85760f583b,"Hoa Rentals, Llc",0.9,"The property type is explicitly listed as 'Commercial' and the name 'Hoa Rentals, Llc' suggests a business entity managing commercial rental properties rather than a residential community association.",2026-05-03T15:27:19.512818
f384bca2-e37f-4bda-8e34-dd2553391ab4,"Hoa Tech Solutions, Llc",0.9,"The name 'Hoa Tech Solutions, LLC' suggests a technology services company rather than a residential community association, and the property type is filed as commercial.",2026-05-03T15:27:19.686727
41af4b12-5fcd-4502-89a4-ffabce1ad092,"Hoozies Hoagies, Llc.",0.95,"The name 'Hoozies Hoagies, LLC' clearly indicates a food service business, and the property type is already filed as commercial.",2026-05-03T15:27:19.853363
d799a5c5-ba08-40c3-a6bc-2135b0ed75cc,"Ipcp 2292 West Sand Lake Property Owner, Llc",0.9,The property type is explicitly filed as 'Commercial' and the LLC structure with property owner designation suggests a commercial real estate investment entity.,2026-05-03T15:27:20.024776
54997b73-2457-483d-ae3b-88cc6d33df04,JOG MEDICAL CENTER CONDO,0.9,The name 'JOG MEDICAL CENTER CONDO' clearly indicates this is a medical office building organized as a condominium for commercial healthcare purposes.,2026-05-03T15:27:20.182024
80caa1be-7287-4d1a-97a0-7d715d20a002,JUNO BEACH PROFESSIONAL BUILDING CONDO * (***),0.95,The name 'Professional Building' combined with the commercial property type designation and low unit count of 13 clearly indicates this is a commercial office condominium.,2026-05-03T15:27:20.360336
3a03a37e-d9dd-4b32-bdfd-f3a4b78d5233,JUNO OCEAN KEY PROFESSIONAL BUILDING CONDO *,0.95,"The name explicitly contains 'PROFESSIONAL BUILDING' indicating it's designed for business/professional use, and the property type is filed as commercial.",2026-05-03T15:27:20.545322
16c87658-6b7d-496d-a58b-1145a55ed499,"Juno Point Property Owner, Llc",0.9,"The property type is explicitly listed as 'Commercial' and the name structure 'Property Owner, LLC' is typical of commercial property ownership entities.",2026-05-03T15:27:20.712326
8e7879ee-5050-41d9-a14c-c719f3ba8f78,JUPITER COMMERCE CENTER PHASE I CONDO *,0.95,"The name 'Jupiter Commerce Center' clearly indicates a commercial business park or office complex, and it's officially filed as commercial property type.",2026-05-03T15:27:20.902446
9557f4ec-f10e-4553-a12b-7646deefa87e,JUPITER GARDENS OFFICE CONDO (***),1.0,"The name explicitly states 'OFFICE CONDO' and the property type is filed as commercial, clearly indicating this is a commercial office condominium association.",2026-05-03T15:27:21.070862
05673449-5088-41c8-a417-ccfdb6e2669e,JUPITER LAKES MEDICAL CONDO *,0.95,"The name explicitly includes 'MEDICAL CONDO' and the property type is filed as commercial, indicating a medical office condominium complex.",2026-05-03T15:27:21.240495
c6c019e4-d2b7-4942-a88f-5c8c0f9bed87,JUPITER PROFESSIONAL PLAZA CONDOMINIUM*,0.95,"The name 'Professional Plaza Condominium' clearly indicates a commercial office building designed for professional services, and the property type is already listed as commercial.",2026-05-03T15:27:21.417358
ea483c1f-857b-4a16-a724-74d3e5e56f6f,JUPITER TRADE CENTER CONDOMINIUM*,0.95,The name 'Trade Center' and the property type being filed as commercial strongly indicates this is a commercial business/office complex rather than a residential community.,2026-05-03T15:27:21.593326
6d0f33f8-73d5-4338-a6d4-2ccd025a78b1,KILLIAN COMMERCIAL CONDO *,0.9,The name explicitly contains 'COMMERCIAL CONDO' indicating this is a commercial condominium development rather than a residential community.,2026-05-03T15:27:21.764490
cd79ba02-bd6e-46c3-9d18-55277247b46f,KILLIAN PROFESSIONAL CENTER CONDOMINIUM*,0.9,The name 'Professional Center' strongly indicates this is a commercial office building rather than a residential condominium community.,2026-05-03T15:27:21.979359
28989ddf-04c9-449d-8cab-007fb81c2b7a,LAKE PARK COMMERCE CENTER CONDOMINIUM*,0.9,The name 'Commerce Center' clearly indicates a commercial business park or office complex rather than a residential community.,2026-05-03T15:27:22.160342
783ce419-fc8e-4034-9d15-c628b5f87d98,LAKE WORTH BUSINESS PARK CONDO *(***),0.95,The name explicitly identifies it as a 'Business Park Condo' which indicates a commercial condominium development for business purposes rather than residential living.,2026-05-03T15:27:22.356273
c3f98899-d7b3-44f8-bc05-0415b715cbb0,"Lake Worth Property Owner, Llc",0.9,"The property type is explicitly listed as 'Commercial' and the entity name 'Lake Worth Property Owner, LLC' suggests a commercial property investment company.",2026-05-03T15:27:22.540235
0aa06260-98b3-4ac2-99e2-5cae55c5078b,LAKESIDE INDUSTRIAL CTR CONDO *,0.95,"The name explicitly includes 'Industrial CTR' (center) and the property type is filed as commercial, clearly indicating an industrial/commercial facility.",2026-05-03T15:27:22.724729
eeea0f54-f8a1-47bc-a742-e697d5f52899,LAKESIDE WEST WAREHOUSE CONDO *,0.9,"The name 'LAKESIDE WEST WAREHOUSE CONDO' clearly indicates this is a warehouse/industrial condominium complex, which is a commercial property type.",2026-05-03T15:27:22.903531
d5f7eabe-d45a-4ce7-9066-c1fca0e8740e,LHI PROFESSIONAL CENTER CONDO * (***),0.9,The name 'Professional Center' strongly indicates a commercial office building rather than a residential condo community.,2026-05-03T15:27:23.085459
ac5b02e3-4974-4e5f-8126-af46fbd59ae7,LOXAHATCHEE OFFICE CONDO *,0.95,"The name explicitly includes 'OFFICE CONDO' and the property type is listed as commercial, indicating this is a commercial office condominium building.",2026-05-03T15:27:23.273995
334c48a6-42bf-4f37-9973-3942fe5f2054,MANGONIA BUSINESS CENTER CONDO *,0.9,The name 'MANGONIA BUSINESS CENTER CONDO' clearly indicates this is a commercial business center with office or commercial condominiums rather than residential units.,2026-05-03T15:27:23.457532
14c90ea6-03c6-4a95-88e1-e1813435b0b2,MAPLEWOOD PROF CENTER OFFICE CONDO*,1.0,"The name explicitly indicates it's a professional center office condominium, which is clearly a commercial property type for business use.",2026-05-03T15:27:23.623831
9d4108b5-7a1b-4685-ae0e-9fb82ed64e96,MAPLEWOOD PROFESSIONAL CENTER PH 5 CONDOMINIUM *,0.95,The name 'Professional Center' clearly indicates an office/business complex rather than a residential community.,2026-05-03T15:27:23.808446
e1d112ca-e32b-4c37-b258-0d031cc601aa,MARLIN COMMERCE CENTER CONDOMINIUM*,0.9,The name 'Commerce Center' strongly indicates a commercial business facility rather than a residential community.,2026-05-03T15:27:23.977105
270849d1-60ea-4fe5-b22b-28c8df79b22c,MEADOWS SQUARE COMMERCIAL CONDO*(***),0.9,The name explicitly includes 'COMMERCIAL CONDO' indicating this is a commercial condominium association rather than a residential property.,2026-05-03T15:27:24.157353
c2be7f01-31eb-43b3-a271-881544e36251,METROPOLITAN PROFESSIONAL BUILDING CONDOMINIUM (*)***,0.95,"The name 'Metropolitan Professional Building Condominium' clearly indicates a commercial office building for professional services, and the property type is already listed as commercial.",2026-05-03T15:27:24.329918
39ddc8d4-eb1d-4611-879d-f66d3c51243e,MID POINT COMMERCE CENTER CONDO *,0.95,The name 'Mid Point Commerce Center' clearly indicates a commercial business facility rather than a residential community.,2026-05-03T15:27:24.509848
c0c93583-e0cd-46a0-a26c-3eef4d5d5993,MONA RD OFF & WAREHOUSE CONDO *,0.95,"The name explicitly mentions 'warehouse condo' and the property type is listed as commercial, indicating an industrial/warehouse condominium development.",2026-05-03T15:27:24.684247
5b5e9852-1fd3-4eaf-b0a2-e5bb91f08aa2,NORTHLAKE BUSINESS PARK CONDO *,0.95,"The name 'NORTHLAKE BUSINESS PARK CONDO' explicitly identifies this as a business park, which is a commercial property type.",2026-05-03T15:27:24.867038
7ece0369-5aca-4b2d-bb3b-e5e0ef4215ff,"Northpoint Property Owner, Llc",0.9,The property type is explicitly listed as 'Commercial' and the LLC structure is typical for commercial property ownership.,2026-05-03T15:27:25.031159
bd5bd3d6-4f0b-4a5f-b7ce-38f9e39c7a55,NORTHWOOD COMMERCE PARK CONDOMINIUM*,0.9,"The name 'NORTHWOOD COMMERCE PARK CONDOMINIUM' clearly indicates a commercial business park with only 11 units, which is typical for commercial condominium developments rather than residential communi",2026-05-03T15:27:25.201746
80b28cfb-aa96-4489-a6eb-68a83258aaff,NORTON COMMERCE CENTER CONDOMINIUM,0.95,"The name 'Norton Commerce Center Condominium' clearly indicates a commercial property, as commerce centers are business-focused facilities rather than residential communities.",2026-05-03T15:27:25.419050
b3910463-763b-4ec7-90b6-5991484f61af,OAK CIRCLE CONDO WAREHOUSE *,0.9,The name 'CONDO WAREHOUSE' and official property type designation as 'Commercial' strongly indicates this is a commercial warehouse or storage facility rather than a residential community.,2026-05-03T15:27:25.600025
0788ea83-129f-4420-b30a-f655090ea645,OAK RIDGE BUSINESS PARK CONDO *,0.95,"The name 'OAK RIDGE BUSINESS PARK CONDO' explicitly indicates this is a business park, which is a commercial property type designed for offices and businesses rather than residential living.",2026-05-03T15:27:25.775418
56955bae-c7cf-4053-956c-f1320f90daa1,OAKS MEDICAL COMPLEX CONDO*,0.95,"The name 'OAKS MEDICAL COMPLEX CONDO' clearly indicates a medical office building, and it's filed as commercial property, making it a commercial condominium association for medical offices.",2026-05-03T15:27:25.959203
36a11597-3f7b-4040-b77e-dccb0ce7b938,"Oanh Hoang, O.D., Llc",0.95,The name indicates an optometry practice (O.D. = Doctor of Optometry) which is clearly a medical office business.,2026-05-03T15:27:26.135938
39d31346-46f8-4cb6-8285-cf4d4b4e02fd,"Ochoa Dental Studio, Llc",0.95,"The name 'Ochoa Dental Studio, Llc' clearly indicates a dental practice business, and it's filed as commercial property type.",2026-05-03T15:27:26.308009
2ed7408b-c417-4b5f-8a13-d3462d41056c,"Ochoa Property Investments, Llc",0.9,"The property type is explicitly listed as 'Commercial' and the entity name 'Ochoa Property Investments, LLC' indicates an investment company managing commercial real estate rather than a residential c",2026-05-03T15:27:26.486271
9b764b23-2759-40fd-b865-6e592186f452,"On 3Rd Steak And Hoagies, Llc",0.95,"The name 'On 3Rd Steak And Hoagies, Llc' clearly indicates a restaurant/food service business, and the property type is explicitly listed as commercial.",2026-05-03T15:27:26.665392
922c9e06-256d-4c60-a609-0ae41edcc192,"Palm Beach Business Park Property Owners Association, Inc.",0.9,"The name explicitly identifies it as a 'Business Park' which is a commercial property type, despite the conflicting 'single family' designation on file.",2026-05-03T15:27:26.858080
aad79f2e-7409-40d0-9de7-c90fa64dc722,"Palm Beach Gardens Professional Building Property Owners Association, Inc.",0.95,"The name 'Professional Building Property Owners Association' clearly indicates a commercial office building for professional services, and the property type is already filed as commercial.",2026-05-03T15:27:27.022554
449252fe-b3c0-47a5-a6d7-e9f921b7ecde,PALM BEACH INDUSTRIAL CONDO *,0.9,The name explicitly includes 'INDUSTRIAL' which indicates this is an industrial condo development for commercial/business use rather than residential living.,2026-05-03T15:27:27.211248
35fb7557-caef-4cde-b3cc-4ca1e948b1cc,PALM BEACH PROFESSIONAL CENTER CONDOMINIUM *,0.95,The name 'Professional Center' strongly indicates this is a commercial office building rather than a residential condominium community.,2026-05-03T15:27:27.383416
c14e1fb0-476d-4d0c-a7ec-764e1267c69c,PALMETTO WEST PROFESSIONAL BLDG. CONDO *,0.95,"The name 'PROFESSIONAL BLDG. CONDO' clearly indicates a commercial office building with professional services, and the property type is listed as commercial.",2026-05-03T15:27:27.576283
10feaf16-b184-4a7d-af40-ae1d80b726cf,PALMS WEST INDUSTRIAL PARK CONDO *,0.95,The name explicitly indicates 'Industrial Park' which is a clear commercial property type despite being structured as a condominium.,2026-05-03T15:27:27.744495
bac0a909-fc43-4a70-acdb-1f97fc3dd76e,"Palms West Industrial Property Owners Association, Inc.",0.9,"The name 'Industrial Property Owners Association' clearly indicates this manages industrial properties, which are commercial despite the conflicting 'single family' designation on file.",2026-05-03T15:27:27.914316
874fc708-5fce-4b74-ac9d-3f0194738969,PALMS WEST PROFESSIONAL CENTER CONDOMINIUM*,0.95,The name 'Professional Center' clearly indicates a commercial office building designed for professional services rather than residential living.,2026-05-03T15:27:28.084934
91d6bdcd-881e-43f5-b94c-62cca70765ee,PALOMINO  PARK PROFESSIONAL CENTER III CONDO,0.9,The name 'Professional Center' strongly indicates this is a commercial office building rather than a residential condo community.,2026-05-03T15:27:28.250390
07ac96f3-0b63-4a95-819e-fc4f1eebbb57,PALOMINO PARK PROFESSIONAL CENTER II CONDO,0.9,The name 'Professional Center' clearly indicates this is a commercial office building with professional services rather than residential units.,2026-05-03T15:27:28.420823
41918ab5-6bb5-41a4-bc29-83298cca77f6,PARK CIRCLE CENTRE COMMERCIAL CONDO*,0.95,"The name explicitly includes 'COMMERCIAL CONDO' and the property type is filed as commercial, indicating a commercial condominium development.",2026-05-03T15:27:28.589248
bb77dd12-1b4f-4f7a-8390-1fd5bccbc259,PARK MEDICAL PLAZA CONDO *,0.9,"The name 'Park Medical Plaza Condo' clearly indicates a medical office building with only 4 units, which is typical of commercial medical condominiums rather than residential housing.",2026-05-03T15:27:28.771443
7f4fc229-0ee0-4a07-8f76-d2714eac680f,PARK PLACE OFFICE BLDG CONDO *,0.95,"The name explicitly states 'OFFICE BLDG CONDO' and the property type is listed as commercial, indicating this is a commercial office building condominium.",2026-05-03T15:27:28.960235
7cb04d17-3681-424d-bc9e-7d86a3e763db,"Park Ridge Property Owner, Llc",0.9,"The property type is explicitly listed as 'Commercial' and the name 'Park Ridge Property Owner, LLC' suggests a commercial real estate ownership entity rather than a residential community association.",2026-05-03T15:27:29.140010
93bb97be-0c5a-4b59-832a-46d14ca4a724,PEBWORTH PROFESSIONAL PLAZA CONDO *,0.95,"The name 'Professional Plaza Condo' indicates a commercial office/professional building, and it's already filed as commercial property type.",2026-05-03T15:27:29.292595
5489f9ec-9290-4a39-94c1-87bf003bdb59,PGA FLYOVER CORPORATE CENTER BLDG 2 CONDO *,0.95,"The name 'Corporate Center' clearly indicates this is a commercial office building with 6 units, not a residential condominium.",2026-05-03T15:27:29.464129
0d502011-68f7-4c0e-a0b0-d6c516fb46a0,PORTICOS COMMERCIAL CONDO,0.95,"The name explicitly states 'Commercial Condo' and the property type is filed as commercial with only 2 units, indicating a small commercial condominium development.",2026-05-03T15:27:29.623524
908b60a1-e66d-4f88-acbc-a80b0c90a92d,PREMIER COMMERCIAL CONDO,0.95,"The name explicitly states 'Commercial Condo' and the property type is filed as commercial, indicating a commercial condominium development.",2026-05-03T15:27:29.793071
6c5bf7ec-f117-49d7-85d3-bf05f27772f6,"Privcap Hoa Acquisitions, Llc",0.9,"The property type is officially filed as 'Commercial' and the name 'Privcap HOA Acquisitions, LLC' suggests a private capital company that acquires HOA properties for commercial investment purposes.",2026-05-03T15:27:29.984699
b01517a1-8f47-4dd2-a7dc-125f67045841,ROYAL COMMERCE PARK COMMERCIAL CONDO,0.95,"The name 'ROYAL COMMERCE PARK COMMERCIAL CONDO' explicitly indicates it's a commercial property, likely office or business condominiums in a commercial park.",2026-05-03T15:27:30.172104
594b44bd-c056-457e-ba39-c9fcb4dd25e0,"Royal Palm Beach Industrial Park Property Owners Association, Inc.",0.9,"The name 'Industrial Park Property Owners Association' clearly indicates this is a commercial industrial property development, despite the contradictory 'single family' property type filing.",2026-05-03T15:27:30.352849
f94eb332-014f-4add-b176-a834bae17992,ROYAL PALM MEDICAL CTR CONDO *,0.95,"The name 'ROYAL PALM MEDICAL CTR CONDO' clearly indicates a medical center condominium, which is a commercial property type for medical offices.",2026-05-03T15:27:30.529456
06f467ba-57d2-42a1-b605-98cdb9ffae0c,Samantha Ochoa Pa,0.9,The property type is explicitly listed as 'Commercial' and the name suggests a professional association or business entity.,2026-05-03T15:27:30.701152
0b6754e0-d8ac-41e8-a99a-d39a816dde36,"Sandalfoot Estates East Property Owner, Llc",0.9,The property type is explicitly filed as 'Commercial' and the LLC structure typically indicates a commercial property investment entity.,2026-05-03T15:27:30.869782
02b655ef-5feb-4f6d-957d-9ebf4566cf31,SAWFISH BAY OFFICE CONDO *,0.95,"The name explicitly contains 'OFFICE CONDO' and the property type is filed as commercial, clearly indicating a commercial office condominium development.",2026-05-03T15:27:31.047162
09b99513-e2ee-4d52-910b-a5b48bd6aba6,SQUARE LAKE SOUTH COMMERCIAL CONDO*,0.9,The name explicitly includes 'COMMERCIAL CONDO' indicating this is a commercial condominium association rather than a residential community.,2026-05-03T15:27:31.224169
24b7eaac-7b21-4ace-ab41-fbee21c838c9,SUMMIT PINES OFFICE-WAREHOUSE CONDOMINIUM*,0.95,The name explicitly includes 'OFFICE-WAREHOUSE' indicating it's a commercial condominium for business use rather than residential living.,2026-05-03T15:27:31.412589
1c475f55-c47a-44d8-bc36-fd82fd97f749,TALL PINES INDUSTRIAL PARK I CONDOMINIUM,0.95,"The name explicitly identifies this as an industrial park, which is a commercial property type despite being structured as a condominium.",2026-05-03T15:27:31.588930
497e5bca-c7e1-4f71-adc2-2d8ccaff7d7f,"Tall Pines Property Owner, Llc",0.9,The property type is explicitly listed as 'Commercial' and the LLC structure is typical for commercial property ownership.,2026-05-03T15:27:31.768353
fd647b14-7a73-4a1f-b73a-669b8ab4f9cc,THREE PALMS CENTER CONDOMINIUM*(***),0.9,"The name 'THREE PALMS CENTER CONDOMINIUM' indicates a commercial center rather than residential units, and it's filed as commercial property type.",2026-05-03T15:27:31.948281
91aedac1-da59-4a71-a6ad-54136974f4b2,TWIN LAKES PROFESSIONAL CENTER CONDOMINIUM*,0.95,The name 'Professional Center' combined with the commercial property type designation indicates this is an office or business complex rather than a residential community.,2026-05-03T15:27:32.128699
9ee2602e-fb5e-4512-856b-2950d74970d1,WALLACE DRIVE COMMERCE CENTER CONDOMINIUM*,0.95,The name 'Commerce Center Condominium' clearly indicates a commercial property designed for business use rather than residential living.,2026-05-03T15:27:32.302102
ae1cf8d5-abfe-4001-bb24-84d48ca8de99,WELLINGTON RESERVE OFFICE PARK-BLDG B CONDOMINIUM*,0.95,"The name explicitly identifies it as an 'Office Park' building, indicating a commercial office condominium development rather than residential units.",2026-05-03T15:27:32.491595
b9669986-bd74-488e-a4b9-c4dcc9c70367,WELLINGTON RESERVE OFFICE PARK-BLDG F CONDO,0.95,The name explicitly states 'OFFICE PARK' indicating a commercial property for business use rather than residential living.,2026-05-03T15:27:32.691175
bea0c8ff-cc09-4817-bb0d-ca7469e66e68,WEST PALM BEACH COMMERCE PARK CONDOMINIUM*,0.95,The name 'Commerce Park' strongly indicates a business/commercial development rather than a residential community.,2026-05-03T15:27:32.861787
18339cf1-dcb2-419d-809e-e528666a5b06,WESTROADS COMMERCE CENTER CONDOMINIUM,0.9,The name 'WESTROADS COMMERCE CENTER CONDOMINIUM' explicitly indicates a commercial condominium development designed for business use rather than residential living.,2026-05-03T15:27:33.037806
52715dec-089b-4f0e-987c-2f60639742e6,WINDSOR PARK COMMERCE CENTER CONDOMINIUM*,0.9,The name 'Commerce Center' clearly indicates a commercial business park or office complex rather than a residential community.,2026-05-03T15:27:33.209515
ef65249e-cf14-42ca-9c5d-7e453259dcdf,WORTH COMMERCE PARK CONDO *,0.9,The name 'WORTH COMMERCE PARK CONDO' clearly indicates a commercial property as commerce parks are typically business/commercial developments.,2026-05-03T15:27:33.380060
2f2e5831-0aaa-4cbb-b4fe-4f156d385f8b,"Yamato Village Associates, Llc",0.9,"The property type is explicitly listed as 'Commercial' and the name 'Yamato Village Associates, LLC' suggests a commercial development rather than a residential community.",2026-05-03T15:27:33.557933
